orderId,customerName,product,amount,orderDate
ORD-2001,Romaguera-Crona,API Gateway License,1500.00,2026-01-05
ORD-2002,Romaguera-Crona,Support Package,800.00,2026-01-12
ORD-2003,Deckow-Crist,Data Connector,350.00,2026-01-08
ORD-2004,Keebler LLC,HIPAA Compliance Module,3200.00,2026-01-10
ORD-2005,Deckow-Crist,Monitoring Dashboard,1200.00,2026-01-14
ORD-2006,Romaguera-Crona,Integration Platform,4500.00,2026-01-18
ORD-2007,Considine-Lockman,Financial Connector,1100.00,2026-01-20
ORD-2008,Keebler LLC,Data Encryption Add-on,750.00,2026-01-22
ORD-2009,Hoeger LLC,Cloud Deployment Pack,2200.00,2026-01-25
ORD-2010,Considine-Lockman,Batch Processing Engine,2800.00,2026-01-28
ORD-2011,Romaguera-Crona,Data Connector,350.00,2026-02-01
ORD-2012,Keebler LLC,Audit Trail Logger,950.00,2026-02-03
ORD-2013,Deckow-Crist,API Designer Tool,600.00,2026-02-05
ORD-2014,Hoeger LLC,CI/CD Pipeline Plugin,450.00,2026-02-07
ORD-2015,Considine-Lockman,Data Masking Tool,500.00,2026-02-10
ORD-2016,Deckow-Crist,Support Package,800.00,2026-02-12
ORD-2017,Keebler LLC,Data Connector,350.00,2026-02-14
ORD-2018,Romaguera-Crona,Monitoring Dashboard,1200.00,2026-02-16
ORD-2019,Hoeger LLC,Load Balancer Config,1800.00,2026-02-18
ORD-2020,Considine-Lockman,API Gateway License,1500.00,2026-02-20
